user_query,bot_response,expanded_query,topic
who is the prime minister of India?answer in 2 line,The current Prime Minister of India is Narendra Modi. He has been serving in this position since 2014.,,Politics - India
what are the duties of the prime minister of India?.answer in 2 line,"The Prime Minister of India is the head of the government, responsible for aiding and advising the President in the administration of the country. Their duties include chairing cabinet meetings, overseeing the functioning of various ministries, and serving as the principal spokesperson of the government in Parliament.",what are the duties of the prime minister of India?.answer in 2 line,Politics - India
how long has the current prime minister of India been in office?.answer in 2 line,"The current Prime Minister of India, Narendra Modi, has been in office since May 26, 2014. As of my last update in October 2023, he has been serving for over nine years.",how long has the current prime minister of India been in office?.answer in 2 line,Politics - India
who is the prime minister of UK?answer in 2 line,"The current Prime Minister of the United Kingdom is Rishi Sunak. He took office on October 25, 2022.",,Politics - UK
what are the duties of the prime minister of UK?.answer in 2 line,"The Prime Minister of the UK is responsible for overseeing the operation of the government and serves as the principal advisor to the monarch. Their duties include chairing Cabinet meetings, coordinating government policy, and representing the UK on the international stage.",what are the duties of the prime minister of UK?.answer in 2 line,Politics - UK
how long has the current prime minister of UK been in office?.answer in 2 line,"The current Prime Minister of the UK, Rishi Sunak, assumed office on October 25, 2022. As of my last update, he has been in office for approximately [calculate the time span from October 25, 2022, to the current date].",how long has the current prime minister of UK been in office?.answer in 2 line,Politics - UK
who is the prime minister of USA?answer in 2 line,"The United States does not have a prime minister. The head of government in the U.S. is the President, currently Joseph R. Biden Jr.",,Politics - USA
what are the duties of the prime minister of USA?.answer in 2 line,The United States does not have a Prime Minister. The President serves as both the head of state and the head of government in the U.S. political system.,what are the duties of the prime minister of USA?.answer in 2 line,Politics - USA
how long has the current prime minister of USA been in office?.answer in 2 line,"The United States does not have a prime minister; it has a president. The current president, Joe Biden, has been in office since January 20, 2021.",how long has the current prime minister of USA been in office?.answer in 2 line,Politics - USA
who is the prime minister of Canada?answer in 2 line,"The current Prime Minister of Canada is Justin Trudeau. He has been serving in this position since November 4, 2015.",,Politics - Canada
what are the duties of the prime minister of Canada?.answer in 2 line,"The Prime Minister of Canada is responsible for leading the federal government, including chairing the Cabinet and overseeing the operations of the government. They also serve as the primary spokesperson for the government, both domestically and internationally.",what are the duties of the prime minister of Canada?.answer in 2 line,Politics - Canada
how long has the current prime minister of Canada been in office?.answer in 2 line,"Justin Trudeau has been the Prime Minister of Canada since November 4, 2015. As of my last update in October 2023, he has been in office for nearly 8 years.",how long has the current prime minister of Canada been in office?.answer in 2 line,Politics - Canada
who is the prime minister of Australia?answer in 2 line,"The current Prime Minister of Australia is Anthony Albanese. He has held this position since May 23, 2022.",,Politics - Australia
what are the duties of the prime minister of Australia?.answer in 2 line,"The Prime Minister of Australia is the head of government, responsible for leading the federal Cabinet and advising the Governor-General. Their duties include setting the legislative agenda, overseeing the administration of federal departments, and representing Australia internationally.",what are the duties of the prime minister of Australia?.answer in 2 line,Politics - Australia
how long has the current prime minister of Australia been in office?.answer in 2 line,"The current Prime Minister of Australia, Anthony Albanese, has been in office since May 23, 2022. He took office following the federal election that month.",how long has the current prime minister of Australia been in office?.answer in 2 line,Politics - Australia
who is the prime minister of Germany?answer in 2 line,"The Chancellor of Germany, a position equivalent to a prime minister, is currently Olaf Scholz. He took office on December 8, 2021.",,Politics - Germany
what are the duties of the prime minister of Germany?.answer in 2 line,"The Prime Minister of Germany, officially called the Chancellor, oversees the government's day-to-day operations and chairs cabinet meetings. They are responsible for setting the guidelines for policy, and act as the head of the federal government.",what are the duties of the prime minister of Germany?.answer in 2 line,Politics - Germany
how long has the current prime minister of Germany been in office?.answer in 2 line,"The current Chancellor of Germany, Olaf Scholz, took office on December 8, 2021. As of now, he has been in office for approximately [calculate the time span from December 8, 2021, to the current date].",how long has the current prime minister of Germany been in office?.answer in 2 line,Politics - Germany
who is the prime minister of France?answer in 2 line,"France does not have a prime minister in the same sense as some other countries. Instead, the head of government is referred to as the Prime Minister of France, currently Élisabeth Borne, who serves under the President of France, Emmanuel Macron.",,Politics - France
what are the duties of the prime minister of France?.answer in 2 line,"The Prime Minister of France, appointed by the President, oversees the day-to-day operations of the government, ensuring the implementation of policies and laws. They also coordinate the work of government ministers and act as a liaison between the executive and legislative branches.",what are the duties of the prime minister of France?.answer in 2 line,Politics - France
how long has the current prime minister of France been in office?.answer in 2 line,"The current Prime Minister of France is Élisabeth Borne. She has been in office since May 16, 2022.",how long has the current prime minister of France been in office?.answer in 2 line,Politics - France
who is the prime minister of Japan?answer in 2 line,"The current Prime Minister of Japan is Fumio Kishida. He took office on October 4, 2021.",,Politics - Japan
what are the duties of the prime minister of Japan?.answer in 2 line,"The Prime Minister of Japan is the head of government, responsible for overseeing the executive branch and presiding over the Cabinet. Their duties include enforcing laws, directing national policy, and serving as the commander-in-chief of the Japan Self-Defense Forces.",what are the duties of the prime minister of Japan?.answer in 2 line,Politics - Japan
how long has the current prime minister of Japan been in office?.answer in 2 line,"The current Prime Minister of Japan, Fumio Kishida, took office on October 4, 2021. As of my last update in October 2023, he has been in office for approximately 2 years.",how long has the current prime minister of Japan been in office?.answer in 2 line,Politics - Japan
who won the 2018 world cup in football?.answer in 2 line,"France won the 2018 FIFA World Cup.
They defeated Croatia in the final by a score of 4-2.",,Sports - football
who was the top scorer in the 2018 football world cup?.answer in 2 line,The top scorer in the 2018 FIFA World Cup was Harry Kane. He scored 6 goals throughout the tournament.,who was the top scorer in the 2018 football world cup?.answer in 2 line,Sports - football
when and where is the next football world cup?.answer in 2 line,"The next FIFA World Cup will be held in 2026. It will be co-hosted by Canada, Mexico, and the United States.",when and where is the next football world cup?.answer in 2 line,Sports - football
who won the 2018 world cup in cricket?.answer in 2 line,"The 2018 Cricket World Cup was not held. The most recent Cricket World Cup was in 2019, which was won by England.",,Sports - cricket
who was the top scorer in the 2018 cricket world cup?.answer in 2 line,"The 2018 Cricket World Cup was not held as the tournament is typically scheduled every four years. The most recent event before 2018 was the 2015 Cricket World Cup, where Martin Guptill of New Zealand was the top scorer with 547 runs.",who was the top scorer in the 2018 cricket world cup?.answer in 2 line,Sports - cricket
when and where is the next cricket world cup?.answer in 2 line,The next Cricket World Cup (50-over format) is scheduled for 2023. It will be hosted by India.,when and where is the next cricket world cup?.answer in 2 line,Sports - cricket
who won the 2018 world cup in basketball?.answer in 2 line,The 2018 FIBA Women's Basketball World Cup was won by the United States. They defeated Australia in the final game.,,Sports - basketball
who was the top scorer in the 2018 basketball world cup?.answer in 2 line,"The top scorer in the 2018 Basketball World Cup was not tracked as the event is officially known as the FIBA Basketball World Cup, which was held in 2019. In the 2019 FIBA Basketball World Cup, the top scorer was Bogdan Bogdanovic from Serbia.",who was the top scorer in the 2018 basketball world cup?.answer in 2 line,Sports - basketball
when and where is the next basketball world cup?.answer in 2 line,"The next FIBA Basketball World Cup is scheduled for 2023. It will be co-hosted by the Philippines, Japan, and Indonesia from August 25 to September 10.",when and where is the next basketball world cup?.answer in 2 line,Sports - basketball
who won the 2018 world cup in rugby?.answer in 2 line,"The 2018 Rugby World Cup was not held as the Rugby World Cup is held every four years. The most recent Rugby World Cup was in 2019, which was won by South Africa.",,Sports - rugby
who was the top scorer in the 2018 rugby world cup?.answer in 2 line,"The top scorer in the 2018 Rugby World Cup Sevens was Sivia Meli Derenalagi from Fiji, with a total of 58 points. He scored 6 tries and 19 conversions throughout the tournament.",who was the top scorer in the 2018 rugby world cup?.answer in 2 line,Sports - rugby
when and where is the next rugby world cup?.answer in 2 line,The next Rugby World Cup will be held in 2023. It is scheduled to take place in France from September 8 to October 28.,when and where is the next rugby world cup?.answer in 2 line,Sports - rugby
who won the 2022 world cup in football?.answer in 2 line,"The 2022 FIFA World Cup was won by Argentina. They defeated France in the final match on December 18, 2022.",,Sports - football
who was the top scorer in the 2022 football world cup?.answer in 2 line,The top scorer in the 2022 FIFA World Cup was Kylian Mbappé. He scored 8 goals throughout the tournament.,who was the top scorer in the 2022 football world cup?.answer in 2 line,Sports - football
who won the 2022 world cup in cricket?.answer in 2 line,"The 2022 ICC Men's T20 World Cup was won by England. They defeated Pakistan in the final held on November 13, 2022, at the Melbourne Cricket Ground in Australia.",,Sports - cricket
who was the top scorer in the 2022 cricket world cup?.answer in 2 line,"The 2022 Cricket World Cup has not occurred yet. As of my current knowledge cutoff in 2021, the next Cricket World Cup is scheduled for 2023. Therefore, I cannot provide the top scorer for the 2022 event.",who was the top scorer in the 2022 cricket world cup?.answer in 2 line,Sports - cricket
who won the 2022 world cup in basketball?.answer in 2 line,"The 2022 FIBA Women's Basketball World Cup was won by the United States. They defeated China in the final, with a score of 83-61.",,Sports - basketball
who was the top scorer in the 2022 basketball world cup?.answer in 2 line,The top scorer in the 2022 FIBA Basketball World Cup was not determined as of my last update in October 2023. The 2022 World Cup was not held; the next FIBA Basketball World Cup is scheduled for 2023.,who was the top scorer in the 2022 basketball world cup?.answer in 2 line,Sports - basketball
who won the 2022 world cup in rugby?.answer in 2 line,"South Africa won the 2022 Rugby World Cup Sevens, defeating Fiji in the final. For the 15-a-side Rugby World Cup, the next tournament will be held in 2023.",,Sports - rugby
who was the top scorer in the 2022 rugby world cup?.answer in 2 line,"The 2022 Rugby World Cup has not occurred yet. The next Rugby World Cup is scheduled for 2023 in France. Therefore, the top scorer for the 2022 Rugby World Cup is not determined.",who was the top scorer in the 2022 rugby world cup?.answer in 2 line,Sports - rugby
who won the 2014 world cup in football?.answer in 2 line,"Germany won the 2014 FIFA World Cup.
They defeated Argentina 1-0 in the final match.",,Sports - football
who was the top scorer in the 2014 football world cup?.answer in 2 line,The top scorer in the 2014 Football World Cup was James Rodríguez from Colombia. He scored a total of 6 goals throughout the tournament.,who was the top scorer in the 2014 football world cup?.answer in 2 line,Sports - football
who won the 2014 world cup in cricket?.answer in 2 line,Australia won the 2015 ICC Cricket World Cup. They defeated New Zealand by 7 wickets in the final held at the Melbourne Cricket Ground.,,Sports - cricket
who was the top scorer in the 2014 cricket world cup?.answer in 2 line,The top scorer in the 2014 ICC World Twenty20 (not the 50-over World Cup) was Virat Kohli of India. He scored 319 runs in the tournament.,who was the top scorer in the 2014 cricket world cup?.answer in 2 line,Sports - cricket
who won the 2014 world cup in basketball?.answer in 2 line,"The United States won the 2014 FIBA Basketball World Cup. They defeated Serbia in the final, with a score of 129-92.",,Sports - basketball
who was the top scorer in the 2014 basketball world cup?.answer in 2 line,"The top scorer in the 2014 FIBA Basketball World Cup was Anthony Davis. He averaged 22.6 points per game, playing for the United States team.",who was the top scorer in the 2014 basketball world cup?.answer in 2 line,Sports - basketball
who won the 2014 world cup in rugby?.answer in 2 line,"New Zealand won the 2014 Rugby World Cup, defeating Australia in the final with a score of 34-17. The tournament was held in England from September 18 to October 31, 2015.",,Sports - rugby
who was the top scorer in the 2014 rugby world cup?.answer in 2 line,"The top scorer in the 2014 Rugby World Cup was not applicable as the Rugby World Cup is held every four years, with the tournaments occurring in 2011 and 2015. Therefore, there was no Rugby World Cup in 2014.",who was the top scorer in the 2014 rugby world cup?.answer in 2 line,Sports - rugby
who won the 2010 world cup in football?.answer in 2 line,"Spain won the 2010 FIFA World Cup.
They defeated the Netherlands 1-0 in the final match.",,Sports - football
who was the top scorer in the 2010 football world cup?.answer in 2 line,The top scorer in the 2010 FIFA World Cup was Thomas Müller. He scored 5 goals for Germany.,who was the top scorer in the 2010 football world cup?.answer in 2 line,Sports - football
who won the 2010 world cup in cricket?.answer in 2 line,"India won the 2011 Cricket World Cup. The 2010 World Cup was for football, not cricket, and was won by Spain.",,Sports - cricket
who was the top scorer in the 2010 cricket world cup?.answer in 2 line,The top scorer in the 2010 ICC World Twenty20 (World Cup) was Mahela Jayawardene from Sri Lanka. He scored a total of 302 runs in the tournament.,who was the top scorer in the 2010 cricket world cup?.answer in 2 line,Sports - cricket
who won the 2010 world cup in basketball?.answer in 2 line,The 2010 FIBA World Championship (now known as the Basketball World Cup) was won by the United States. They defeated Turkey in the final game with a score of 81-64.,,Sports - basketball
who was the top scorer in the 2010 basketball world cup?.answer in 2 line,The top scorer in the 2010 FIBA Basketball World Cup was Luis Scola of Argentina. He averaged 27.1 points per game throughout the tournament.,who was the top scorer in the 2010 basketball world cup?.answer in 2 line,Sports - basketball
who won the 2010 world cup in rugby?.answer in 2 line,The 2010 Rugby World Cup was not held as the tournament takes place every four years. The Rugby World Cup in 2011 was won by New Zealand.,,Sports - rugby
who was the top scorer in the 2010 rugby world cup?.answer in 2 line,The top scorer in the 2010 Rugby World Cup was Morné Steyn from South Africa. He scored a total of 62 points throughout the tournament.,who was the top scorer in the 2010 rugby world cup?.answer in 2 line,Sports - rugby
what is the latest discovery in space?.answer in 2 line,"The latest major discovery in space is the detection of phosphine gas in the clouds of Venus, which could potentially indicate the presence of life. Additionally, the first image of a black hole in the center of our Milky Way galaxy, named Sagittarius A*, was recently revealed by the Event Horizon Telescope.",,Science - space
tell me more about the latest discovery in space.answer in 2 line,"The latest major discovery in space is the confirmation of water vapor on the sunlit surface of the Moon by NASA's SOFIA observatory. This finding suggests that water may be distributed across the lunar surface, not just in cold, shadowed places, which could benefit future lunar exploration.",tell me more about the latest discovery in space.answer in 2 line,Science - space
how does this discovery in space impact us?.answer in 2 line,"The impact of a space discovery depends on its nature. It could expand our understanding of the universe, inspire technological advancements, or even influence our perspective on life and our place in the cosmos. However, not all discoveries have immediate or direct effects on our daily lives.",how does this discovery in space impact us?.answer in 2 line,Science - space
what is the latest discovery in medicine?.answer in 2 line,"One of the latest significant discoveries in medicine is the development of mRNA vaccines, which have shown remarkable effectiveness against COVID-19. Additionally, recent advancements in CRISPR-Cas9 gene-editing technology have opened new possibilities for treating genetic diseases.",,Science - medicine
tell me more about the latest discovery in medicine.answer in 2 line,"One of the latest significant discoveries in medicine is the development of mRNA vaccines, like those used against COVID-19, which represent a breakthrough in vaccinology. Additionally, recent advancements in CRISPR-Cas9 gene-editing technology show promise for treating and potentially curing genetic diseases, with clinical trials underway for conditions like sickle cell disease and beta-thalassemia.",tell me more about the latest discovery in medicine.answer in 2 line,Science - medicine
how does this discovery in medicine impact us?.answer in 2 line,"The impact of a medical discovery depends on its nature. It could lead to improved treatments or cures for diseases, enhancing our quality of life and lifespan. Additionally, it can influence public health policies and practices, benefiting society as a whole.",how does this discovery in medicine impact us?.answer in 2 line,Science - medicine
what is the latest discovery in technology?.answer in 2 line,"The latest major discovery in technology is the development of practical quantum computers by companies like IBM and Google, which promise exponential speedup for certain tasks. Additionally, advances in mRNA vaccine technology, as seen with COVID-19 vaccines, have shown great potential for future medical applications.",,Science - technology
tell me more about the latest discovery in technology.answer in 2 line,"One of the latest significant discoveries in technology is the development of practical quantum computers, with companies like IBM and Google leading the way. Additionally, advancements in AI and machine learning continue to push boundaries, with innovations like large language models and improved image recognition systems.",tell me more about the latest discovery in technology.answer in 2 line,Science - technology
how does this discovery in technology impact us?.answer in 2 line,"The impact of a technology discovery depends on its nature. It can improve our lives by enhancing efficiency, communication, or healthcare, or it may pose challenges like privacy concerns or job displacement. Each discovery should be evaluated for its potential benefits and drawbacks.",how does this discovery in technology impact us?.answer in 2 line,Science - technology
what is the latest discovery in environment?.answer in 2 line,"The latest major discovery in the environmental field is the identification of microplastics in human blood for the first time, as published in a study in March 2022. This finding raises concerns about the potential health impacts of microplastics, which are prevalent in the environment due to plastic pollution.",,Science - environment
tell me more about the latest discovery in environment.answer in 2 line,"The latest major discovery in the environment is the identification of a massive coral reef system off the coast of Tahiti, spanning over 3,000 meters long and in relatively pristine condition. This finding is significant as it offers hope for coral conservation and provides a new area for scientific research on resilient ecosystems.",tell me more about the latest discovery in environment.answer in 2 line,Science - environment
how does this discovery in environment impact us?.answer in 2 line,"The discovery of microplastics in remote environments, such as the Arctic and deep sea, highlights the global reach of plastic pollution. This impacts us by indicating that our food and water sources may be more widely contaminated than previously thought, potentially affecting human health.",how does this discovery in environment impact us?.answer in 2 line,Science - environment
who is the president of India?.answer in 2 line,"The current President of India is Droupadi Murmu. She took office on July 25, 2022, and is the 15th President of India.",,Politics - India
what are the responsibilities of the president of India?.answer in 2 line,"The President of India serves as the head of state, upholding the Constitution and ensuring the smooth functioning of the parliamentary system. Their responsibilities include appointing the Prime Minister, giving assent to bills, and acting as the Commander-in-Chief of the armed forces.",what are the responsibilities of the president of India?.answer in 2 line,Politics - India
how long has the current president of India been in office?.answer in 2 line,"The current President of India, Droupadi Murmu, assumed office on July 25, 2022. As of my last update, she has been in office for approximately one year.",how long has the current president of India been in office?.answer in 2 line,Politics - India
who is the president of UK?.answer in 2 line,"The United Kingdom is a constitutional monarchy, not a republic, so it does not have a president. The Head of State is the monarch, currently King Charles III, while the Head of Government is the Prime Minister, presently Rishi Sunak.",,Politics - UK
what are the responsibilities of the president of UK?.answer in 2 line,"The UK does not have a president, as it is a constitutional monarchy. The Head of State is the monarch, while the Prime Minister serves as the head of government, responsible for executive functions.",what are the responsibilities of the president of UK?.answer in 2 line,Politics - UK
how long has the current president of UK been in office?.answer in 2 line,"The United Kingdom does not have a president; it has a prime minister. As of my last update in October 2023, the current Prime Minister of the UK is Rishi Sunak, who took office on October 25, 2022.",how long has the current president of UK been in office?.answer in 2 line,Politics - UK
who is the president of USA?.answer in 2 line,"The current President of the United States is Joe Biden. He took office on January 20, 2021.",,Politics - USA
what are the responsibilities of the president of USA?.answer in 2 line,"The President of the USA serves as the head of state and government, responsible for enforcing laws, commanding the military, and conducting foreign affairs. Additionally, the President has the power to veto legislation, appoint federal officials, and act as the nation's chief diplomat.",what are the responsibilities of the president of USA?.answer in 2 line,Politics - USA
how long has the current president of USA been in office?.answer in 2 line,"The current President of the USA, Joe Biden, was inaugurated on January 20, 2021. As of my last update in October 2023, he has been in office for approximately 2 years and 9 months.",how long has the current president of USA been in office?.answer in 2 line,Politics - USA
who is the president of Canada?.answer in 2 line,"Canada does not have a president. Instead, it has a prime minister, currently Justin Trudeau, and a governor general, currently Mary Simon, who serves as the representative of the Queen.",,Politics - Canada
what are the responsibilities of the president of Canada?.answer in 2 line,"Canada does not have a president. The head of state is the monarch, represented by the Governor General, while the Prime Minister serves as the head of government.",what are the responsibilities of the president of Canada?.answer in 2 line,Politics - Canada
how long has the current president of Canada been in office?.answer in 2 line,"Canada does not have a president. The head of state is a monarch, currently King Charles III, represented by a Governor General. The head of government is a Prime Minister, currently Justin Trudeau, who has been in office since November 4, 2015.",how long has the current president of Canada been in office?.answer in 2 line,Politics - Canada
who is the president of Australia?.answer in 2 line,"Australia does not have a president. Instead, it has a Governor-General who serves as the representative of the Queen, and a Prime Minister who is the head of government.",,Politics - Australia
what are the responsibilities of the president of Australia?.answer in 2 line,"Australia does not have a president. Instead, the ceremonial head of state is the Governor-General, who represents the British monarch, while the Prime Minister serves as the head of government.",what are the responsibilities of the president of Australia?.answer in 2 line,Politics - Australia
how long has the current president of Australia been in office?.answer in 2 line,"Australia does not have a president. It is a constitutional monarchy with a Governor-General and a Prime Minister. The current Prime Minister, Anthony Albanese, has been in office since May 23, 2022.",how long has the current president of Australia been in office?.answer in 2 line,Politics - Australia
who is the president of Germany?.answer in 2 line,"The President of Germany is Frank-Walter Steinmeier. He has been serving in this position since March 22, 2017.",,Politics - Germany
what are the responsibilities of the president of Germany?.answer in 2 line,"The President of Germany, known as the Bundespräsident, serves primarily as a ceremonial figurehead. Their responsibilities include representing Germany internationally, signing laws into effect, and acting as a moral authority, but they do not have significant executive powers.",what are the responsibilities of the president of Germany?.answer in 2 line,Politics - Germany
how long has the current president of Germany been in office?.answer in 2 line,"The current President of Germany, Frank-Walter Steinmeier, has been in office since March 22, 2017. He was re-elected for a second term in February 2022.",how long has the current president of Germany been in office?.answer in 2 line,Politics - Germany
who is the president of France?.answer in 2 line,"The current President of France is Emmanuel Macron. He has been serving in this position since May 14, 2017.",,Politics - France
what are the responsibilities of the president of France?.answer in 2 line,"The President of France serves as the head of state, responsible for ensuring the proper functioning of public authorities and the continuity of the state. Key responsibilities include commanding the armed forces, conducting foreign policy, promulgating laws, and appointing high-ranking officials, such as the Prime Minister.",what are the responsibilities of the president of France?.answer in 2 line,Politics - France
how long has the current president of France been in office?.answer in 2 line,"Emmanuel Macron has been the President of France since May 14, 2017. He was re-elected for a second term on April 24, 2022.",how long has the current president of France been in office?.answer in 2 line,Politics - France
who is the president of Japan?.answer in 2 line,"Japan does not have a president. Instead, it has an emperor as the ceremonial head of state and a prime minister as the head of government. The current emperor is Naruhito, and the current prime minister is Fumio Kishida.",,Politics - Japan
what are the responsibilities of the president of Japan?.answer in 2 line,"The President of Japan is not a political position. Instead, Japan has an Emperor who serves as a ceremonial figurehead, while the Prime Minister is the head of government and holds political power.",what are the responsibilities of the president of Japan?.answer in 2 line,Politics - Japan
how long has the current president of Japan been in office?.answer in 2 line,"The current Emperor of Japan, Naruhito, has been in office since May 1, 2019. However, it's important to note that Japan's head of government is the Prime Minister, not the Emperor. The current Prime Minister, Fumio Kishida, has been in office since October 4, 2021.",how long has the current president of Japan been in office?.answer in 2 line,Politics - Japan
who won the 2018 Nobel Prize in space?.answer in 2 line,"The Nobel Prizes are not awarded for achievements in space specifically. However, the 2018 Nobel Prize in Physics was awarded to Arthur Ashkin, Gérard Mourou, and Donna Strickland for their work in laser physics.",,Awards - space
what was the contribution of the 2018 Nobel Prize winner in space?.answer in 2 line,"The 2018 Nobel Prize in Physics was awarded to Donna Strickland and Gérard Mourou for their development of chirped pulse amplification (CPA), a technique that has revolutionized laser physics and enabled the creation of ultra-short, high-intensity laser pulses. This technology has wide-ranging applications, including in medical imaging, industrial machining, and fundamental scientific research.",what was the contribution of the 2018 Nobel Prize winner in space?.answer in 2 line,Awards - space
who were the other notable nominees for the 2018 Nobel Prize in space?.answer in 2 line,"The Nobel Prizes are famously secretive about nominees, and the list is not publicly disclosed until 50 years later. Therefore, the other notable nominees for the 2018 Nobel Prize in Physics (which often includes space-related research) are not yet known.",who were the other notable nominees for the 2018 Nobel Prize in space?.answer in 2 line,Awards - space
who won the 2018 Nobel Prize in medicine?.answer in 2 line,"The 2018 Nobel Prize in Physiology or Medicine was awarded jointly to James P. Allison and Tasuku Honjo ""for their discovery of cancer therapy by inhibition of negative immune regulation.""",,Awards - medicine
what was the contribution of the 2018 Nobel Prize winner in medicine?.answer in 2 line,"The 2018 Nobel Prize in Medicine was awarded to James P. Allison and Tasuku Honjo for their discovery of cancer therapy by inhibition of negative immune regulation. Their work led to the development of immune checkpoint inhibitors, revolutionizing cancer treatment.",what was the contribution of the 2018 Nobel Prize winner in medicine?.answer in 2 line,Awards - medicine
who were the other notable nominees for the 2018 Nobel Prize in medicine?.answer in 2 line,"Other notable nominees for the 2018 Nobel Prize in Medicine included Emmanuelle Charpentier and Jennifer Doudna for their work on CRISPR-Cas9, and Jeffrey I. Gordon for his research on the gut microbiome. However, the prize was awarded to James P. Allison and Tasuku Honjo for their discovery of cancer therapy by inhibition of negative immune regulation.",who were the other notable nominees for the 2018 Nobel Prize in medicine?.answer in 2 line,Awards - medicine
who won the 2018 Nobel Prize in technology?.answer in 2 line,"The Nobel Prizes are not awarded for technology specifically. In 2018, the Nobel Prize in Physics was awarded to Arthur Ashkin, Gérard Mourou, and Donna Strickland for their work in laser physics, which is closely related to technological advancements.",,Awards - technology
what was the contribution of the 2018 Nobel Prize winner in technology?.answer in 2 line,"The 2018 Nobel Prize in Physics was awarded to Arthur Ashkin, Gérard Mourou, and Donna Strickland for their groundbreaking inventions in the field of laser physics. Ashkin was recognized for the development of optical tweezers, while Mourou and Strickland were honored for their method of generating high-intensity, ultra-short optical pulses.",what was the contribution of the 2018 Nobel Prize winner in technology?.answer in 2 line,Awards - technology
who were the other notable nominees for the 2018 Nobel Prize in technology?.answer in 2 line,"The Nobel Prizes are not announced with a list of nominees, and the names of the nominees are not officially disclosed until 50 years later. Therefore, there is no public information on other notable nominees for the 2018 Nobel Prize in fields related to technology.",who were the other notable nominees for the 2018 Nobel Prize in technology?.answer in 2 line,Awards - technology
who won the 2018 Nobel Prize in environment?.answer in 2 line,"The Nobel Prizes do not have a category specifically for the environment. However, the 2018 Nobel Peace Prize, which sometimes recognizes environmental efforts, was awarded to Denis Mukwege and Nadia Murad for their efforts to end the use of sexual violence as a weapon of war.",,Awards - environment
what was the contribution of the 2018 Nobel Prize winner in environment?.answer in 2 line,"The 2018 Nobel Prize in Economic Sciences was awarded to William D. Nordhaus for ""integrating climate change into long-run macroeconomic analysis."" His work has significantly contributed to understanding the economic impact of climate change and the need for carbon pricing.",what was the contribution of the 2018 Nobel Prize winner in environment?.answer in 2 line,Awards - environment
who were the other notable nominees for the 2018 Nobel Prize in environment?.answer in 2 line,"The Nobel Prize isn't awarded specifically in the category of ""environment,"" but notable figures in environmental conservation and climate action who were speculated as potential nominees for the 2018 Nobel Peace Prize included Pope Francis and the International Campaign to Abolish Nuclear Weapons (ICAN).",who were the other notable nominees for the 2018 Nobel Prize in environment?.answer in 2 line,Awards - environment
who won the 2022 Nobel Prize in space?.answer in 2 line,"The Nobel Prizes are not awarded for space or astronomy. The 2022 Nobel Prize in Physics was awarded to Alain Aspect, John F. Clauser, and Anton Zeilinger ""for experiments with entangled photons, establishing the violation of Bell inequalities and pioneering quantum information science.""",,Awards - space
what was the contribution of the 2022 Nobel Prize winner in space?.answer in 2 line,"The 2022 Nobel Prize in Physics was awarded to Alain Aspect, John F. Clauser, and Anton Zeilinger for their groundbreaking experiments with entangled photons, validating Bell's inequalities and pioneering quantum information science. Their work has profound implications for quantum computing and secure communication, significantly advancing our understanding of quantum mechanics.",what was the contribution of the 2022 Nobel Prize winner in space?.answer in 2 line,Awards - space
who were the other notable nominees for the 2022 Nobel Prize in space?.answer in 2 line,"The Nobel Prizes are famously secretive about nominees, and the list is not publicly disclosed until 50 years later. Therefore, we won't know the other notable nominees for the 2022 Nobel Prize in Physics (which often includes space-related topics) until 2072.",who were the other notable nominees for the 2022 Nobel Prize in space?.answer in 2 line,Awards - space
who won the 2022 Nobel Prize in medicine?.answer in 2 line,"The 2022 Nobel Prize in Physiology or Medicine was awarded to Svante Pääbo for his discoveries concerning the genomes of extinct hominins and human evolution. Pääbo's work has been pivotal in understanding the genetic differences that distinguish modern humans from our closest extinct relatives, such as Neanderthals and Denisovans.",,Awards - medicine
what was the contribution of the 2022 Nobel Prize winner in medicine?.answer in 2 line,"The 2022 Nobel Prize in Physiology or Medicine was awarded to Svante Pääbo for his discoveries concerning the genomes of extinct hominins and human evolution. Pääbo's work, including his research on Neanderthal and Denisovan genomes, has provided key insights into our understanding of human origins and evolution.",what was the contribution of the 2022 Nobel Prize winner in medicine?.answer in 2 line,Awards - medicine
who were the other notable nominees for the 2022 Nobel Prize in medicine?.answer in 2 line,"The Nobel Prize in Physiology or Medicine is famously secretive about its nominees, and the names are not officially disclosed until 50 years later. However, speculation often includes prominent researchers in fields like genetics, immunology, and neuroscience.",who were the other notable nominees for the 2022 Nobel Prize in medicine?.answer in 2 line,Awards - medicine
who won the 2022 Nobel Prize in technology?.answer in 2 line,"The Nobel Prizes are not awarded in technology. However, the 2022 Nobel Prize in Physics was awarded to Alain Aspect, John F. Clauser, and Anton Zeilinger for their work in quantum mechanics.",,Awards - technology
what was the contribution of the 2022 Nobel Prize winner in technology?.answer in 2 line,"The 2022 Nobel Prize in Physics was awarded to Alain Aspect, John F. Clauser, and Anton Zeilinger for their work in quantum mechanics, specifically for ""experiments with entangled photons, establishing the violation of Bell inequalities and pioneering quantum information science."" Their contributions have laid the foundation for advancements in quantum technology and secure communication.",what was the contribution of the 2022 Nobel Prize winner in technology?.answer in 2 line,Awards - technology
who were the other notable nominees for the 2022 Nobel Prize in technology?.answer in 2 line,"The Nobel Prizes do not have official ""nominees"" lists made public, and they are not awarded in ""technology"" specifically. The closest category is the Nobel Prize in Physics. Notable speculations for 2022 included scientists working on quantum computing and graphene technology.",who were the other notable nominees for the 2022 Nobel Prize in technology?.answer in 2 line,Awards - technology
who won the 2022 Nobel Prize in environment?.answer in 2 line,"The Nobel Prizes do not have a specific category for environment. However, the 2022 Nobel Peace Prize, which often recognizes efforts related to environmental issues, was not awarded to an environmentalist. It was awarded to Ales Bialiatski, Memorial, and the Center for Civil Liberties for their work on human rights.",,Awards - environment
what was the contribution of the 2022 Nobel Prize winner in environment?.answer in 2 line,"The 2022 Nobel Prize in Physics was awarded to three scientists for their work on quantum entanglement and quantum information science, which has indirect environmental implications through potential advancements in energy-efficient technologies and sustainable computing. However, there is no specific Nobel Prize category for the environment.",what was the contribution of the 2022 Nobel Prize winner in environment?.answer in 2 line,Awards - environment
who were the other notable nominees for the 2022 Nobel Prize in environment?.answer in 2 line,"The Nobel Prizes do not officially announce nominees, and the process is kept confidential for 50 years. However, notable figures often speculated for the Nobel Peace Prize, which sometimes includes environmental work, for 2022 included Greta Thunberg and the Fridays for Future movement.",who were the other notable nominees for the 2022 Nobel Prize in environment?.answer in 2 line,Awards - environment
who won the 2014 Nobel Prize in space?.answer in 2 line,"The Nobel Prizes are not awarded for achievements in space specifically. However, the 2014 Nobel Prize in Physics was awarded to Isamu Akasaki, Hiroshi Amano, and Shuji Nakamura for the invention of efficient blue light-emitting diodes (LEDs).",,Awards - space
what was the contribution of the 2014 Nobel Prize winner in space?.answer in 2 line,"The 2014 Nobel Prize in Physics was awarded to Isamu Akasaki, Hiroshi Amano, and Shuji Nakamura for their invention of efficient blue light-emitting diodes (LEDs). This breakthrough enabled the development of bright and energy-saving white light sources, significantly impacting lighting technology and energy conservation.",what was the contribution of the 2014 Nobel Prize winner in space?.answer in 2 line,Awards - space
who were the other notable nominees for the 2014 Nobel Prize in space?.answer in 2 line,"The Nobel Prizes do not officially announce nominees, and the records are sealed for 50 years. However, notable figures in space science around that time include the Rosetta mission team for their comet landing, and Kip Thorne for his work on gravitational waves.",who were the other notable nominees for the 2014 Nobel Prize in space?.answer in 2 line,Awards - space
who won the 2014 Nobel Prize in medicine?.answer in 2 line,"The 2014 Nobel Prize in Physiology or Medicine was awarded jointly to:
- John O'Keefe for his discoveries of cells that constitute a positioning system in the brain.
- May-Britt Moser and Edvard I. Moser for their discoveries of cells that constitute a positioning system in the brain.",,Awards - medicine
what was the contribution of the 2014 Nobel Prize winner in medicine?.answer in 2 line,"The 2014 Nobel Prize in Physiology or Medicine was awarded jointly to John O'Keefe, May-Britt Moser, and Edvard I. Moser for their discoveries of cells that constitute a positioning system in the brain, often referred to as the brain's ""inner GPS."" They identified ""place cells"" and ""grid cells,"" which are crucial for determining position and navigation.",what was the contribution of the 2014 Nobel Prize winner in medicine?.answer in 2 line,Awards - medicine
who were the other notable nominees for the 2014 Nobel Prize in medicine?.answer in 2 line,"The Nobel Prize in Physiology or Medicine for 2014 was awarded to John O'Keefe, May-Britt Moser, and Edvard I. Moser for their discoveries of cells that constitute a positioning system in the brain. Other notable nominees that year included Kazutoshi Mori and Peter Walter for their work on the unfolded protein response, but the Nobel committee's policy keeps the full list of nominees confidential for 50 years.",who were the other notable nominees for the 2014 Nobel Prize in medicine?.answer in 2 line,Awards - medicine
who won the 2014 Nobel Prize in technology?.answer in 2 line,"The Nobel Prize is not awarded for technology specifically. However, the 2014 Nobel Prize in Physics, which often recognizes technological advancements, was awarded to Isamu Akasaki, Hiroshi Amano, and Shuji Nakamura for the invention of efficient blue light-emitting diodes (LEDs).",,Awards - technology
what was the contribution of the 2014 Nobel Prize winner in technology?.answer in 2 line,"The 2014 Nobel Prize in Physics was awarded to Isamu Akasaki, Hiroshi Amano, and Shuji Nakamura for their invention of efficient blue light-emitting diodes (LEDs). This technology has enabled bright and energy-saving white light sources, significantly impacting lighting and display technologies.",what was the contribution of the 2014 Nobel Prize winner in technology?.answer in 2 line,Awards - technology
who were the other notable nominees for the 2014 Nobel Prize in technology?.answer in 2 line,"The Nobel Prizes do not officially announce nominees, and the records are sealed for 50 years. However, speculations for the 2014 Nobel Prize in Physics included names like Peter Higgs and François Englert for their work on the Higgs boson, which they eventually won in 2013.",who were the other notable nominees for the 2014 Nobel Prize in technology?.answer in 2 line,Awards - technology
who won the 2014 Nobel Prize in environment?.answer in 2 line,"The Nobel Prizes do not have a specific category for the environment. However, the 2014 Nobel Peace Prize, which sometimes recognizes environmental efforts, was awarded to Kailash Satyarthi and Malala Yousafzai for their work on children's rights.",,Awards - environment
what was the contribution of the 2014 Nobel Prize winner in environment?.answer in 2 line,"The 2014 Nobel Peace Prize, often associated with environmental work, was not specifically awarded for environmental contributions. However, Kailash Satyarthi, one of the winners, is known for advocating for children's rights, which indirectly supports sustainable development goals.",what was the contribution of the 2014 Nobel Prize winner in environment?.answer in 2 line,Awards - environment
who were the other notable nominees for the 2014 Nobel Prize in environment?.answer in 2 line,"The Nobel Prizes do not have official ""nominees"" list made public, and there isn't a specific Nobel Prize in Environment. However, notable figures in environmental work around 2014 might include individuals like Naomi Klein for her work on climate change awareness.",who were the other notable nominees for the 2014 Nobel Prize in environment?.answer in 2 line,Awards - environment
who won the 2010 Nobel Prize in space?.answer in 2 line,"The Nobel Prizes are not awarded for achievements in space specifically. However, the 2010 Nobel Prize in Physics was awarded to Andre Geim and Konstantin Novoselov ""for groundbreaking experiments regarding the two-dimensional material graphene.""",,Awards - space
what was the contribution of the 2010 Nobel Prize winner in space?.answer in 2 line,"The 2010 Nobel Prize in Physics was awarded to Andre Geim and Konstantin Novoselov for their groundbreaking experiments regarding the two-dimensional material graphene. Their work, while not directly related to space, has significant implications for future space technologies, including lighter and stronger materials, advanced electronics, and improved energy storage systems.",what was the contribution of the 2010 Nobel Prize winner in space?.answer in 2 line,Awards - space
who were the other notable nominees for the 2010 Nobel Prize in space?.answer in 2 line,"The Nobel Prizes are famously secretive about nominees, and the list is not publicly disclosed until 50 years after the award. Therefore, the other notable nominees for the 2010 Nobel Prize in Physics (which often includes space-related research) are not yet publicly known.",who were the other notable nominees for the 2010 Nobel Prize in space?.answer in 2 line,Awards - space
who won the 2010 Nobel Prize in medicine?.answer in 2 line,The 2010 Nobel Prize in Physiology or Medicine was awarded to Robert G. Edwards for the development of in vitro fertilization (IVF) therapy.,,Awards - medicine
what was the contribution of the 2010 Nobel Prize winner in medicine?.answer in 2 line,The 2010 Nobel Prize in Physiology or Medicine was awarded to Robert G. Edwards for the development of in vitro fertilization (IVF). This groundbreaking technique has enabled millions of infertile couples worldwide to have children.,what was the contribution of the 2010 Nobel Prize winner in medicine?.answer in 2 line,Awards - medicine
who were the other notable nominees for the 2010 Nobel Prize in medicine?.answer in 2 line,"In 2010, the Nobel Prize in Physiology or Medicine was awarded to Robert G. Edwards for the development of in vitro fertilization. Other notable nominees included Elizabeth Blackburn, Carol Greider, and Jack Szostak for their work on telomeres and telomerase, but they had already received the prize in 2009.",who were the other notable nominees for the 2010 Nobel Prize in medicine?.answer in 2 line,Awards - medicine
who won the 2010 Nobel Prize in technology?.answer in 2 line,"The Nobel Prize is not awarded for technology. However, the 2010 Nobel Prize in Physics was awarded to Andre Geim and Konstantin Novoselov for their groundbreaking experiments regarding the two-dimensional material graphene.",,Awards - technology
what was the contribution of the 2010 Nobel Prize winner in technology?.answer in 2 line,"The 2010 Nobel Prize in Physics was awarded to Andre Geim and Konstantin Novoselov for their groundbreaking experiments regarding the two-dimensional material graphene. Their work involved isolating graphene from graphite and demonstrating its remarkable properties, which has significant implications for future technologies.",what was the contribution of the 2010 Nobel Prize winner in technology?.answer in 2 line,Awards - technology
who were the other notable nominees for the 2010 Nobel Prize in technology?.answer in 2 line,"The Nobel Prizes do not officially announce nominees, and the records are sealed for 50 years. Therefore, the other notable nominees for the 2010 Nobel Prize in technology (or any other category) are not publicly known.",who were the other notable nominees for the 2010 Nobel Prize in technology?.answer in 2 line,Awards - technology
who won the 2010 Nobel Prize in environment?.answer in 2 line,"The Nobel Prizes do not have a specific category for the environment. However, the 2010 Nobel Peace Prize, which sometimes recognizes environmental work, was awarded to Liu Xiaobo for his long and non-violent struggle for fundamental human rights in China.",,Awards - environment
what was the contribution of the 2010 Nobel Prize winner in environment?.answer in 2 line,"The 2010 Nobel Peace Prize, often associated with environmental work, was not specifically awarded for environmental contributions. However, it's worth noting that the Nobel Prize in Physics that year was awarded to Andre Geim and Konstantin Novoselov for their groundbreaking work on graphene, which has potential environmental applications in areas like energy storage and efficient electronics.",what was the contribution of the 2010 Nobel Prize winner in environment?.answer in 2 line,Awards - environment
who were the other notable nominees for the 2010 Nobel Prize in environment?.answer in 2 line,"The Nobel Prizes do not officially announce nominees, and the information is kept confidential for 50 years. However, notable figures often speculated for the Nobel Peace Prize in 2010, which sometimes includes environmental work, were individuals like Wangari Maathai and organizations like Greenpeace.",who were the other notable nominees for the 2010 Nobel Prize in environment?.answer in 2 line,Awards - environment
what is the capital of India?.answer in 2 line,"The capital of India is New Delhi. It's known for its rich history, diverse culture, and iconic landmarks like the India Gate and Red Fort.",,Geography - India
what is the population of India's capital?.answer in 2 line,"The capital of India is New Delhi. According to the latest estimates, the population of New Delhi is over 30 million people.",what is the population of India's capital?.answer in 2 line,Geography - India
what are some famous landmarks in India's capital?.answer in 2 line,"- The India Gate is a renowned war memorial and iconic landmark in New Delhi.
- The Red Fort, a historic fortification, and the Qutub Minar, the tallest brick minaret in the world, are also famous landmarks in the capital.",what are some famous landmarks in India's capital?.answer in 2 line,Geography - India
what is the capital of UK?.answer in 2 line,The capital of the United Kingdom is London. It is the largest city in the UK and is located on the River Thames in the south-east of England.,,Geography - UK
what is the population of UK's capital?.answer in 2 line,"The capital of the UK is London. As of the latest estimates, the population of London is approximately 8.9 million people.",what is the population of UK's capital?.answer in 2 line,Geography - UK
what are some famous landmarks in UK's capital?.answer in 2 line,"London, the capital of the UK, is home to many famous landmarks. Some of the most notable include Buckingham Palace, the Tower of London, the London Eye, Big Ben, and the British Museum. Additionally, architectural marvels like Westminster Abbey and St. Paul's Cathedral are iconic symbols of the city.",what are some famous landmarks in UK's capital?.answer in 2 line,Geography - UK
what is the capital of USA?.answer in 2 line,"The capital of the United States of America is Washington, D.C. It was founded on July 16, 1790, and is named after George Washington, the first president of the USA.",,Geography - USA
what is the population of USA's capital?.answer in 2 line,"The capital of the USA is Washington, D.C. As of the latest estimates, its population is approximately 700,000 people.",what is the population of USA's capital?.answer in 2 line,Geography - USA
what are some famous landmarks in USA's capital?.answer in 2 line,"Washington, D.C., the capital of the USA, is home to many famous landmarks. Some of the most notable include the White House, the U.S. Capitol Building, the Lincoln Memorial, and the Washington Monument. Additionally, the city features renowned museums like the Smithsonian Institution and historic sites such as the National Mall.",what are some famous landmarks in USA's capital?.answer in 2 line,Geography - USA
what is the capital of Canada?.answer in 2 line,"The capital of Canada is Ottawa. It's located in the province of Ontario, near the border with the province of Quebec.",,Geography - Canada
what is the population of Canada's capital?.answer in 2 line,"The capital of Canada is Ottawa. As of the latest estimates, the population of Ottawa is approximately 1 million people in the city proper, with around 1.4 million in the greater Ottawa area.",what is the population of Canada's capital?.answer in 2 line,Geography - Canada
what are some famous landmarks in Canada's capital?.answer in 2 line,"- Parliament Hill, featuring the iconic Peace Tower, is Canada's most recognized landmark.
- The Rideau Canal, a UNESCO World Heritage site, is another notable landmark, offering scenic boat tours in the summer and ice skating in the winter.",what are some famous landmarks in Canada's capital?.answer in 2 line,Geography - Canada
what is the capital of Australia?.answer in 2 line,The capital of Australia is Canberra. It was selected as the capital in 1908 as a compromise between rivals Sydney and Melbourne.,,Geography - Australia
what is the population of Australia's capital?.answer in 2 line,"Australia's capital is Canberra. As of the most recent estimates, its population is approximately 430,000 people.",what is the population of Australia's capital?.answer in 2 line,Geography - Australia
what are some famous landmarks in Australia's capital?.answer in 2 line,"- Parliament House: Known for its distinctive design and being the seat of the Australian Parliament.
- Australian War Memorial: A poignant tribute to Australia's military history, featuring a museum and a national shrine.",what are some famous landmarks in Australia's capital?.answer in 2 line,Geography - Australia
what is the capital of Germany?.answer in 2 line,"The capital of Germany is Berlin. It's also the country's largest city, known for its vibrant cultural scene and historic landmarks like the Brandenburg Gate and the Berlin Wall.",,Geography - Germany
what is the population of Germany's capital?.answer in 2 line,"The capital of Germany is Berlin. As of the latest estimates, the population of Berlin is approximately 3.7 million people.",what is the population of Germany's capital?.answer in 2 line,Geography - Germany
what are some famous landmarks in Germany's capital?.answer in 2 line,"The Brandenburg Gate and the East Side Gallery (Berlin Wall remnant) are among the most famous landmarks in Berlin, Germany's capital. Additionally, the Reichstag Building and the iconic TV Tower (Fernsehturm) are notable symbols of the city.",what are some famous landmarks in Germany's capital?.answer in 2 line,Geography - Germany
what is the capital of France?.answer in 2 line,"The capital of France is Paris.
Paris has been the capital since 508 AD and is the most populous city in France.",,Geography - France
what is the population of France's capital?.answer in 2 line,"The capital of France is Paris. As of the latest estimates, the population of Paris is approximately 2.1 million people within the city limits.",what is the population of France's capital?.answer in 2 line,Geography - France
what are some famous landmarks in France's capital?.answer in 2 line,"The Eiffel Tower and the Louvre Museum are two of the most famous landmarks in Paris, France's capital. Additionally, Notre-Dame Cathedral, the Arc de Triomphe, and the Palace of Versailles are also renowned attractions.",what are some famous landmarks in France's capital?.answer in 2 line,Geography - France
what is the capital of Japan?.answer in 2 line,"The capital of Japan is Tokyo. It's the most populous metropolitan area in the world, known for its bustling streets, rich history, and technological advancements.",,Geography - Japan
what is the population of Japan's capital?.answer in 2 line,"The capital of Japan is Tokyo. As of 2021, the estimated population of Tokyo is over 13.9 million people.",what is the population of Japan's capital?.answer in 2 line,Geography - Japan
what are some famous landmarks in Japan's capital?.answer in 2 line,"Tokyo, Japan's capital, is home to many famous landmarks. Some of the most notable include the Tokyo Skytree, the tallest tower in the world, and the historic Senso-ji Temple in Asakusa. Additionally, the iconic Shibuya Crossing and the bustling Meiji Shrine are must-visit sites.",what are some famous landmarks in Japan's capital?.answer in 2 line,Geography - Japan